{
  "pose": {
    "translation": [
      -0.13385304808616638,
      -1.6482462882995605,
      7.0593390464782715
    ],
    "quaternion": [
      0.0011354625457897782,
      -0.10414019972085953,
      -0.020283926278352737,
      0.9943551421165466
    ]
  },
  "confidence": 6.188291549682617
}